736752000005,BAlocNCYIvsiHx,Young
956418826962834,Vsctr,Thompson
64684,dBDeDmuIBfDxSlw,Bowman
26771,VXkedKM,Davis
07584970035187,vqgXzhcO,Foster
45850819691744,skhswKioncoH,Perez
9779536601,GNJvEhPalikrgP,Palmer
26704590087610,JUYjojrPGorjDgL,Collins
350758,nJApY,Black
057625024,ilPcVCDIMdMuKXU,Harris
17697,lNsiJS,Fisher
103413,qAjdg,Hall
777983009822683,oFhuIiLqSm,Thornton
7756187140315,HsyNtGaMaYHv,Navarro
94823802505971,veaBsnaU,Wilson
53142314958826,KfYDFGw,Gomez
34510918,nmtEdFiNn,Hernandez
744835930869,ikTcoZAcNufEFQY,Randall
38631017768666,xZeSsE,Richards
490323747,VLYGnFa,Watson
03587819891,KJvHWMivmlMvarG,Hernandez
262752,xcAzGGm,Adams
30219,eebrDdHhvdLyq,Jackson
9431036,YtYcYrWSWvRcMt,White
759733800032,GebceRLTp,Hopkins
731747247,TnTqsATpKpSasd,Manning
21062871789105,ztRGrTTiV,Williams
235170920,MhqMsYQr,Anderson
47076304204127,YSANI,Burns
563348984,XbWWUVpoH,Bradshaw
90050283517,SPPUbBQUdWzm,Collins
17472142950753,gyAzeTn,Griffin
259587,sFmPsySgoh,Greer
358081204350,XHCKGBU,King
833460837416797,yeiTBZ,Mahoney
8445149,kbSlEPfakmOT,Fernandez
9192709,ObXwOuN,Wright
9993121451,USvwDKbLlhNYX,Thomas
936721941524,hImOnCxWOcXLIL,Avila
4367527,yFJmvBbLFPcyV,Barker
35333298070,DMJPnP,Freeman
859740801,SmfbCHOELWjn,Ball
7723649709,kqMCMBe,Le
9053788339,AfQEBgJYmv,Thornton
5699807,ayIbR,Brown
91029896499,ubjwPyljobuBe,Frye
65996,PXPzAhjMeI,Martin
1468330,tRRZZRy,Kaiser
664716292553,WuYJP,DDS
166274818920,yzUVmi,Torres
